{
  "divinerpg:overworld/root": {
    "criteria": {
      "divinerpg": "2022-12-21 10:04:13 +0300"
    },
    "done": true
  },
  "farmersdelight:main/root": {
    "criteria": {
      "seeds": "2022-12-21 10:04:13 +0300"
    },
    "done": true
  },
  "divinerpg:overworld/patchouli": {
    "criteria": {
      "tick": "2022-12-21 10:04:32 +0300"
    },
    "done": true
  },
  "iceandfire:iceandfire/root": {
    "criteria": {
      "tick": "2022-12-21 10:04:32 +0300"
    },
    "done": true
  },
  "minecraft:recipes/transportation/dark_oak_boat": {
    "criteria": {
      "in_water": "2022-12-21 10:07:06 +0300"
    },
    "done": true
  },
  "minecraft:recipes/transportation/birch_boat": {
    "criteria": {
      "in_water": "2022-12-21 10:07:06 +0300"
    },
    "done": true
  },
  "apotheosis:give_book": {
    "criteria": {
      "tick": "2022-12-21 10:04:32 +0300"
    },
    "done": true
  },
  "minecraft:recipes/transportation/acacia_boat": {
    "criteria": {
      "in_water": "2022-12-21 10:07:06 +0300"
    },
    "done": true
  },
  "minecraft:recipes/transportation/oak_boat": {
    "criteria": {
      "in_water": "2022-12-21 10:07:06 +0300"
    },
    "done": true
  },
  "inventorypets:root": {
    "criteria": {
      "auto": "2022-12-21 10:04:13 +0300"
    },
    "done": true
  },
  "minecraft:recipes/transportation/jungle_boat": {
    "criteria": {
      "in_water": "2022-12-21 10:07:06 +0300"
    },
    "done": true
  },
  "minecraft:recipes/transportation/spruce_boat": {
    "criteria": {
      "in_water": "2022-12-21 10:07:06 +0300"
    },
    "done": true
  },
  "minecraft:adventure/adventuring_time": {
    "criteria": {
      "minecraft:taiga": "2022-12-21 10:04:13 +0300",
      "minecraft:beach": "2022-12-21 10:06:59 +0300",
      "minecraft:river": "2022-12-21 10:07:06 +0300",
      "minecraft:lukewarm_ocean": "2022-12-21 10:07:09 +0300"
    },
    "done": false
  },
  "DataVersion": 2586
}