{
  "xercamod:recipes/food/campfire_cooking_pizza_meat_mushroom_pepperoni": {
    "criteria": {
      "config": "2022-12-21 15:19:09 +0300"
    },
    "done": false
  },
  "xercamod:recipes/food/smelting_pizza_fish_mushroom_mushroom": {
    "criteria": {
      "config": "2022-12-21 15:19:09 +0300"
    },
    "done": false
  },
  "twilightforest:recipes/misc/root_stick": {
    "criteria": {
      "has_item": "2022-12-21 15:23:26 +0300"
    },
    "done": true
  },
  "xercamod:recipes/cushion/light_blue_cushion": {
    "criteria": {
      "config": "2022-12-21 15:19:09 +0300"
    },
    "done": false
  },
  "xercamod:recipes/food/item_glass": {
    "criteria": {
      "config": "2022-12-21 15:19:09 +0300"
    },
    "done": false
  },
  "xercamod:recipes/terracotta_tile/cyan_terratile_stairs": {
    "criteria": {
      "config": "2022-12-21 15:19:09 +0300"
    },
    "done": false
  },
  "xercamod:recipes/terracotta_tile/terratile": {
    "criteria": {
      "config": "2022-12-21 15:19:09 +0300"
    },
    "done": false
  },
  "xercamod:recipes/food/raw_pizza_chicken_mushroom_pepperoni": {
    "criteria": {
      "config": "2022-12-21 15:19:09 +0300"
    },
    "done": false
  },
  "xercamod:recipes/food/smelting_pizza_mushroom_mushroom_pepperoni": {
    "criteria": {
      "config": "2022-12-21 15:19:09 +0300"
    },
    "done": false
  },
  "xercamod:recipes/cushion/yellow_cushion": {
    "criteria": {
      "config": "2022-12-21 15:19:09 +0300"
    },
    "done": false
  },
  "xercamod:recipes/food/item_pumpkin_cupcake": {
    "criteria": {
      "config": "2022-12-21 15:19:09 +0300"
    },
    "done": false
  },
  "xercamod:recipes/food/item_fish_bread": {
    "criteria": {
      "config": "2022-12-21 15:19:09 +0300"
    },
    "done": false
  },
  "xercamod:recipes/food/item_wheat_juice": {
    "criteria": {
      "config": "2022-12-21 15:19:09 +0300"
    },
    "done": false
  },
  "minecraft:recipes/decorations/crafting_table": {
    "criteria": {
      "has_planks": "2022-12-21 15:23:02 +0300"
    },
    "done": true
  },
  "xercamod:recipes/food/campfire_cooking_pizza_pepperoni": {
    "criteria": {
      "config": "2022-12-21 15:19:09 +0300"
    },
    "done": false
  },
  "xercamod:recipes/food/campfire_cooking_pizza_chicken_chicken_chicken": {
    "criteria": {
      "config": "2022-12-21 15:19:09 +0300"
    },
    "done": false
  },
  "minecraft:recipes/decorations/ladder": {
    "criteria": {
      "has_stick": "2022-12-21 15:23:12 +0300"
    },
    "done": true
  },
  "xercamod:recipes/food/item_apple_pie": {
    "criteria": {
      "config": "2022-12-21 15:19:09 +0300"
    },
    "done": false
  },
  "xercamod:recipes/food/smelting_pizza_pepperoni_pepperoni": {
    "criteria": {
      "config": "2022-12-21 15:19:09 +0300"
    },
    "done": false
  },
  "xercamod:recipes/food/smelting_pizza_chicken_pepperoni_pepperoni": {
    "criteria": {
      "config": "2022-12-21 15:19:09 +0300"
    },
    "done": false
  },
  "xercamod:recipes/food/smoking_pizza_meat_meat_mushroom": {
    "criteria": {
      "config": "2022-12-21 15:19:09 +0300"
    },
    "done": false
  },
  "minecraft:recipes/tools/wooden_shovel": {
    "criteria": {
      "has_stick": "2022-12-21 15:23:12 +0300"
    },
    "done": true
  },
  "xercamod:recipes/food/sweet_berry_cupcake_fancy": {
    "criteria": {
      "config": "2022-12-21 15:19:09 +0300"
    },
    "done": false
  },
  "xercamod:recipes/terracotta_tile/lime_terratile_slab": {
    "criteria": {
      "config": "2022-12-21 15:19:09 +0300"
    },
    "done": false
  },
  "undergarden:recipes/undergarden_group/catalyst": {
    "criteria": {
      "has_diamond": "2022-12-21 15:22:57 +0300"
    },
    "done": true
  },
  "easy_mob_farm:crafting/root": {
    "criteria": {
      "crafting_table": "2022-12-21 15:22:57 +0300"
    },
    "done": true
  },
  "minecraft:recipes/misc/stick": {
    "criteria": {
      "has_planks": "2022-12-21 15:23:02 +0300"
    },
    "done": true
  },
  "xercamod:recipes/food/smelting_item_cooked_chicken_patty": {
    "criteria": {
      "config": "2022-12-21 15:19:09 +0300"
    },
    "done": false
  },
  "xercamod:recipes/terracotta_tile/magenta_terratile_slab": {
    "criteria": {
      "config": "2022-12-21 15:19:09 +0300"
    },
    "done": false
  },
  "divinerpg:overworld/patchouli": {
    "criteria": {
      "tick": "2022-12-21 15:19:09 +0300"
    },
    "done": true
  },
  "xercamod:recipes/food/raw_pizza_chicken_fish_mushroom": {
    "criteria": {
      "config": "2022-12-21 15:19:09 +0300"
    },
    "done": false
  },
  "xercamod:recipes/food/campfire_cooking_pizza_meat": {
    "criteria": {
      "config": "2022-12-21 15:19:09 +0300"
    },
    "done": false
  },
  "xercamod:recipes/food/campfire_cooking_pizza_pepperoni_pepperoni_pepperoni": {
    "criteria": {
      "config": "2022-12-21 15:19:09 +0300"
    },
    "done": false
  },
  "xercamod:recipes/food/smoking_pizza_pepperoni": {
    "criteria": {
      "config": "2022-12-21 15:19:09 +0300"
    },
    "done": false
  },
  "xercamod:recipes/tea/item_teacup": {
    "criteria": {
      "config": "2022-12-21 15:19:09 +0300"
    },
    "done": false
  },
  "xercamod:recipes/terracotta_tile/orange_terratile_slab": {
    "criteria": {
      "config": "2022-12-21 15:19:09 +0300"
    },
    "done": false
  },
  "xercamod:recipes/terracotta_tile/orange_terratile_stairs": {
    "criteria": {
      "config": "2022-12-21 15:19:09 +0300"
    },
    "done": false
  },
  "xercamod:recipes/food/raw_pizza_chicken_fish_pepperoni": {
    "criteria": {
      "config": "2022-12-21 15:19:09 +0300"
    },
    "done": false
  },
  "xercamod:recipes/food/sweet_berry_juice": {
    "criteria": {
      "config": "2022-12-21 15:19:09 +0300"
    },
    "done": false
  },
  "xercamod:recipes/food/smoking_pizza_chicken_mushroom": {
    "criteria": {
      "config": "2022-12-21 15:19:09 +0300"
    },
    "done": false
  },
  "undergarden:recipes/undergarden_group/shard_torch": {
    "criteria": {
      "has_stick": "2022-12-21 15:23:12 +0300"
    },
    "done": true
  },
  "xercamod:recipes/food/campfire_cooking_pizza_meat_meat_pepperoni": {
    "criteria": {
      "config": "2022-12-21 15:19:09 +0300"
    },
    "done": false
  },
  "xercamod:recipes/food/campfire_cooking_pizza_chicken_fish_pepperoni": {
    "criteria": {
      "config": "2022-12-21 15:19:09 +0300"
    },
    "done": false
  },
  "xercamod:recipes/food/campfire_cooking_pizza_meat_pepperoni": {
    "criteria": {
      "config": "2022-12-21 15:19:09 +0300"
    },
    "done": false
  },
  "xercamod:recipes/food/smelting_pizza_fish_meat": {
    "criteria": {
      "config": "2022-12-21 15:19:09 +0300"
    },
    "done": false
  },
  "xercamod:recipes/food/campfire_cooking_item_cooked_patty": {
    "criteria": {
      "config": "2022-12-21 15:19:09 +0300"
    },
    "done": false
  },
  "xercamod:recipes/food/item_hamburger": {
    "criteria": {
      "config": "2022-12-21 15:19:09 +0300"
    },
    "done": false
  },
  "xercamod:recipes/food/campfire_cooking_item_potato_fries": {
    "criteria": {
      "config": "2022-12-21 15:19:09 +0300"
    },
    "done": false
  },
  "xercamod:recipes/food/raw_pizza_mushroom_mushroom_mushroom": {
    "criteria": {
      "config": "2022-12-21 15:19:09 +0300"
    },
    "done": false
  },
  "xercamod:recipes/terracotta_tile/white_terratile_stairs": {
    "criteria": {
      "config": "2022-12-21 15:19:09 +0300"
    },
    "done": false
  },
  "xercamod:recipes/food/raw_pizza_pepperoni_pepperoni": {
    "criteria": {
      "config": "2022-12-21 15:19:09 +0300"
    },
    "done": false
  },
  "xercamod:recipes/food/item_glass_of_milk": {
    "criteria": {
      "config": "2022-12-21 15:19:09 +0300"
    },
    "done": false
  },
  "xercamod:recipes/food/smelting_baked_rice_pudding": {
    "criteria": {
      "config": "2022-12-21 15:19:09 +0300"
    },
    "done": false
  },
  "xercamod:recipes/courtroom/item_attorney_badge": {
    "criteria": {
      "config": "2022-12-21 15:19:09 +0300"
    },
    "done": false
  },
  "xercamod:recipes/confetti/item_confetti_ball": {
    "criteria": {
      "config": "2022-12-21 15:19:09 +0300"
    },
    "done": false
  },
  "xercamod:recipes/food/campfire_cooking_pizza_fish_meat_meat": {
    "criteria": {
      "config": "2022-12-21 15:19:09 +0300"
    },
    "done": false
  },
  "xercamod:recipes/food/item_bun": {
    "criteria": {
      "config": "2022-12-21 15:19:09 +0300"
    },
    "done": false
  },
  "xercamod:recipes/food/campfire_cooking_pizza_chicken_mushroom": {
    "criteria": {
      "config": "2022-12-21 15:19:09 +0300"
    },
    "done": false
  },
  "xercamod:recipes/warhammer/item_stone_warhammer": {
    "criteria": {
      "config": "2022-12-21 15:19:09 +0300"
    },
    "done": false
  },
  "xercamod:recipes/food/smoking_pizza_meat_pepperoni_pepperoni": {
    "criteria": {
      "config": "2022-12-21 15:19:09 +0300"
    },
    "done": false
  },
  "xercamod:recipes/food/campfire_cooking_pizza_mushroom_pepperoni_pepperoni": {
    "criteria": {
      "config": "2022-12-21 15:19:09 +0300"
    },
    "done": false
  },
  "xercamod:recipes/food/item_mushroom_burger": {
    "criteria": {
      "config": "2022-12-21 15:19:09 +0300"
    },
    "done": false
  },
  "xercamod:recipes/food/campfire_cooking_pizza_chicken_mushroom_pepperoni": {
    "criteria": {
      "config": "2022-12-21 15:19:09 +0300"
    },
    "done": false
  },
  "xercamod:recipes/food/item_ultimate_burger": {
    "criteria": {
      "config": "2022-12-21 15:19:09 +0300"
    },
    "done": false
  },
  "xercamod:recipes/food/item_croissant": {
    "criteria": {
      "config": "2022-12-21 15:19:09 +0300"
    },
    "done": false
  },
  "xercamod:recipes/food/campfire_cooking_pizza_chicken_fish_fish": {
    "criteria": {
      "config": "2022-12-21 15:19:09 +0300"
    },
    "done": false
  },
  "xercamod:recipes/food/raw_pizza_fish": {
    "criteria": {
      "config": "2022-12-21 15:19:09 +0300"
    },
    "done": false
  },
  "xercamod:recipes/terracotta_tile/cyan_terratile": {
    "criteria": {
      "config": "2022-12-21 15:19:09 +0300"
    },
    "done": false
  },
  "xercamod:recipes/food/smelting_pizza_fish_fish_meat": {
    "criteria": {
      "config": "2022-12-21 15:19:09 +0300"
    },
    "done": false
  },
  "xercamod:recipes/food/smelting_item_cooked_schnitzel": {
    "criteria": {
      "config": "2022-12-21 15:19:09 +0300"
    },
    "done": false
  },
  "xercamod:recipes/bookcase/item_bookcase": {
    "criteria": {
      "has_item": "2022-12-21 15:23:02 +0300",
      "config": "2022-12-21 15:19:09 +0300"
    },
    "done": true
  },
  "xercamod:recipes/food/raw_pizza_chicken_chicken_pepperoni": {
    "criteria": {
      "config": "2022-12-21 15:19:09 +0300"
    },
    "done": false
  },
  "xercamod:recipes/terracotta_tile/light_gray_terratile_stairs": {
    "criteria": {
      "config": "2022-12-21 15:19:09 +0300"
    },
    "done": false
  },
  "xercamod:recipes/food/smelting_pizza_mushroom_pepperoni": {
    "criteria": {
      "config": "2022-12-21 15:19:09 +0300"
    },
    "done": false
  },
  "xercamod:recipes/food/smelting_pizza_chicken_mushroom_mushroom": {
    "criteria": {
      "config": "2022-12-21 15:19:09 +0300"
    },
    "done": false
  },
  "xercamod:recipes/food/smelting_pizza_fish_mushroom_pepperoni": {
    "criteria": {
      "config": "2022-12-21 15:19:09 +0300"
    },
    "done": false
  },
  "xercamod:recipes/terracotta_tile/pink_terratile_stairs": {
    "criteria": {
      "config": "2022-12-21 15:19:09 +0300"
    },
    "done": false
  },
  "xercamod:recipes/food/campfire_cooking_pizza_mushroom": {
    "criteria": {
      "config": "2022-12-21 15:19:09 +0300"
    },
    "done": false
  },
  "xercamod:recipes/terracotta_tile/lime_terratile_stairs": {
    "criteria": {
      "config": "2022-12-21 15:19:09 +0300"
    },
    "done": false
  },
  "xercamod:recipes/food/omurice": {
    "criteria": {
      "config": "2022-12-21 15:19:09 +0300"
    },
    "done": false
  },
  "xercamod:recipes/food/item_potato_slices": {
    "criteria": {
      "config": "2022-12-21 15:19:09 +0300"
    },
    "done": false
  },
  "xercamod:recipes/ender_flask/ender_bow": {
    "criteria": {
      "config": "2022-12-21 15:19:09 +0300"
    },
    "done": false
  },
  "xercamod:recipes/food/raw_pizza_mushroom_pepperoni": {
    "criteria": {
      "config": "2022-12-21 15:19:09 +0300"
    },
    "done": false
  },
  "minecraft:recipes/combat/diamond_leggings": {
    "criteria": {
      "has_diamond": "2022-12-21 15:22:57 +0300"
    },
    "done": true
  },
  "xercamod:recipes/terracotta_tile/green_terratile_slab": {
    "criteria": {
      "config": "2022-12-21 15:19:09 +0300"
    },
    "done": false
  },
  "xercamod:recipes/food/smelting_pizza_fish_meat_pepperoni": {
    "criteria": {
      "config": "2022-12-21 15:19:09 +0300"
    },
    "done": false
  },
  "xercamod:recipes/food/campfire_cooking_item_tea_dried": {
    "criteria": {
      "config": "2022-12-21 15:19:09 +0300"
    },
    "done": false
  },
  "xercamod:recipes/food/raw_pizza_fish_meat_pepperoni": {
    "criteria": {
      "config": "2022-12-21 15:19:09 +0300"
    },
    "done": false
  },
  "xercamod:recipes/terracotta_tile/gray_terratile_slab": {
    "criteria": {
      "config": "2022-12-21 15:19:09 +0300"
    },
    "done": false
  },
  "xercamod:recipes/food/item_tomato_seeds": {
    "criteria": {
      "config": "2022-12-21 15:19:09 +0300"
    },
    "done": false
  },
  "xercamod:recipes/terracotta_tile/blue_terratile": {
    "criteria": {
      "config": "2022-12-21 15:19:09 +0300"
    },
    "done": false
  },
  "xercamod:recipes/cushion/orange_cushion": {
    "criteria": {
      "config": "2022-12-21 15:19:09 +0300"
    },
    "done": false
  },
  "xercamod:recipes/food/smelting_pizza_chicken_fish_fish": {
    "criteria": {
      "config": "2022-12-21 15:19:09 +0300"
    },
    "done": false
  },
  "xercamod:recipes/food/smoking_pizza_meat_mushroom_mushroom": {
    "criteria": {
      "config": "2022-12-21 15:19:09 +0300"
    },
    "done": false
  },
  "minecraft:recipes/building_blocks/oak_stairs": {
    "criteria": {
      "has_planks": "2022-12-21 15:23:02 +0300"
    },
    "done": true
  },
  "xercamod:recipes/food/smoking_pizza_mushroom_mushroom_pepperoni": {
    "criteria": {
      "config": "2022-12-21 15:19:09 +0300"
    },
    "done": false
  },
  "xercamod:recipes/food/smelting_pizza_meat_meat": {
    "criteria": {
      "config": "2022-12-21 15:19:09 +0300"
    },
    "done": false
  },
  "xercamod:recipes/terracotta_tile/blue_terratile_stairs": {
    "criteria": {
      "config": "2022-12-21 15:19:09 +0300"
    },
    "done": false
  },
  "farmersdelight:recipes/farmersdelight/cutting_board": {
    "criteria": {
      "has_stick": "2022-12-21 15:23:12 +0300"
    },
    "done": true
  },
  "xercamod:recipes/food/item_pumpkin_juice": {
    "criteria": {
      "config": "2022-12-21 15:19:09 +0300"
    },
    "done": false
  },
  "xercamod:recipes/food/campfire_cooking_pizza_chicken_chicken_pepperoni": {
    "criteria": {
      "config": "2022-12-21 15:19:09 +0300"
    },
    "done": false
  },
  "xercamod:recipes/food/soda": {
    "criteria": {
      "config": "2022-12-21 15:19:09 +0300"
    },
    "done": false
  },
  "xercamod:recipes/food/raw_pizza_meat_meat": {
    "criteria": {
      "config": "2022-12-21 15:19:09 +0300"
    },
    "done": false
  },
  "xercamod:recipes/food/campfire_cooking_pizza_chicken_mushroom_mushroom": {
    "criteria": {
      "config": "2022-12-21 15:19:09 +0300"
    },
    "done": false
  },
  "xercamod:recipes/food/smoking_pizza_mushroom": {
    "criteria": {
      "config": "2022-12-21 15:19:09 +0300"
    },
    "done": false
  },
  "minecraft:recipes/tools/diamond_pickaxe": {
    "criteria": {
      "has_diamond": "2022-12-21 15:22:57 +0300"
    },
    "done": true
  },
  "xercamod:recipes/terracotta_tile/yellow_terratile_slab": {
    "criteria": {
      "config": "2022-12-21 15:19:09 +0300"
    },
    "done": false
  },
  "xercamod:recipes/food/oyakodon": {
    "criteria": {
      "config": "2022-12-21 15:19:09 +0300"
    },
    "done": false
  },
  "xercamod:recipes/food/raw_pizza_chicken_fish": {
    "criteria": {
      "config": "2022-12-21 15:19:09 +0300"
    },
    "done": false
  },
  "xercamod:recipes/food/smoking_pizza_fish_meat_pepperoni": {
    "criteria": {
      "config": "2022-12-21 15:19:09 +0300"
    },
    "done": false
  },
  "xercamod:recipes/food/campfire_cooking_pizza_chicken_pepperoni": {
    "criteria": {
      "config": "2022-12-21 15:19:09 +0300"
    },
    "done": false
  },
  "xercamod:recipes/food/raw_pizza_chicken_chicken": {
    "criteria": {
      "config": "2022-12-21 15:19:09 +0300"
    },
    "done": false
  },
  "xercamod:recipes/food/campfire_cooking_pizza": {
    "criteria": {
      "config": "2022-12-21 15:19:09 +0300"
    },
    "done": false
  },
  "xercamod:recipes/food/smoking_pizza_chicken_chicken_meat": {
    "criteria": {
      "config": "2022-12-21 15:19:09 +0300"
    },
    "done": false
  },
  "xercamod:recipes/food/raw_pizza_meat_pepperoni_pepperoni": {
    "criteria": {
      "config": "2022-12-21 15:19:09 +0300"
    },
    "done": false
  },
  "xercamod:recipes/terracotta_tile/white_terratile_slab": {
    "criteria": {
      "config": "2022-12-21 15:19:09 +0300"
    },
    "done": false
  },
  "xercamod:recipes/food/raw_pizza_chicken_meat_meat": {
    "criteria": {
      "config": "2022-12-21 15:19:09 +0300"
    },
    "done": false
  },
  "xercamod:recipes/food/sushi": {
    "criteria": {
      "config": "2022-12-21 15:19:09 +0300"
    },
    "done": false
  },
  "xercamod:recipes/food/smoking_pizza_chicken_fish_fish": {
    "criteria": {
      "config": "2022-12-21 15:19:09 +0300"
    },
    "done": false
  },
  "xercamod:recipes/food/raw_pizza_fish_pepperoni": {
    "criteria": {
      "config": "2022-12-21 15:19:09 +0300"
    },
    "done": false
  },
  "xercamod:recipes/food/smoking_pizza_fish_pepperoni": {
    "criteria": {
      "config": "2022-12-21 15:19:09 +0300"
    },
    "done": false
  },
  "xercamod:recipes/food/sake": {
    "criteria": {
      "config": "2022-12-21 15:19:09 +0300"
    },
    "done": false
  },
  "xercamod:recipes/food/raw_pizza_fish_fish_meat": {
    "criteria": {
      "config": "2022-12-21 15:19:09 +0300"
    },
    "done": false
  },
  "xercamod:recipes/food/raw_pizza_pepperoni_pepperoni_pepperoni": {
    "criteria": {
      "config": "2022-12-21 15:19:09 +0300"
    },
    "done": false
  },
  "minecraft:recipes/decorations/oak_fence": {
    "criteria": {
      "has_planks": "2022-12-21 15:23:02 +0300"
    },
    "done": true
  },
  "xercamod:recipes/food/smelting_pizza_chicken_mushroom_pepperoni": {
    "criteria": {
      "config": "2022-12-21 15:19:09 +0300"
    },
    "done": false
  },
  "xercamod:recipes/food/campfire_cooking_pizza_fish_fish_mushroom": {
    "criteria": {
      "config": "2022-12-21 15:19:09 +0300"
    },
    "done": false
  },
  "xercamod:recipes/food/smelting_item_potato_fries": {
    "criteria": {
      "config": "2022-12-21 15:19:09 +0300"
    },
    "done": false
  },
  "xercamod:recipes/food/item_melon_cupcake": {
    "criteria": {
      "config": "2022-12-21 15:19:09 +0300"
    },
    "done": false
  },
  "minecraft:recipes/building_blocks/oak_slab": {
    "criteria": {
      "has_planks": "2022-12-21 15:23:02 +0300"
    },
    "done": true
  },
  "xercamod:recipes/cushion/white_cushion": {
    "criteria": {
      "config": "2022-12-21 15:19:09 +0300"
    },
    "done": false
  },
  "xercamod:recipes/food/smelting_pizza_chicken_meat_mushroom": {
    "criteria": {
      "config": "2022-12-21 15:19:09 +0300"
    },
    "done": false
  },
  "xercamod:recipes/food/campfire_cooking_pizza_chicken_chicken": {
    "criteria": {
      "config": "2022-12-21 15:19:09 +0300"
    },
    "done": false
  },
  "xercamod:recipes/food/item_chicken_burger": {
    "criteria": {
      "config": "2022-12-21 15:19:09 +0300"
    },
    "done": false
  },
  "xercamod:recipes/food/smoking_pizza_chicken_chicken_pepperoni": {
    "criteria": {
      "config": "2022-12-21 15:19:09 +0300"
    },
    "done": false
  },
  "xercamod:recipes/food/smelting_pizza_chicken_fish_meat": {
    "criteria": {
      "config": "2022-12-21 15:19:09 +0300"
    },
    "done": false
  },
  "xercamod:recipes/terracotta_tile/green_terratile": {
    "criteria": {
      "config": "2022-12-21 15:19:09 +0300"
    },
    "done": false
  },
  "xercamod:recipes/carved_wood/carving_station": {
    "criteria": {
      "config": "2022-12-21 15:19:09 +0300"
    },
    "done": false
  },
  "xercamod:recipes/food/beef_donburi": {
    "criteria": {
      "config": "2022-12-21 15:19:09 +0300"
    },
    "done": false
  },
  "xercamod:recipes/food/smoking_pizza_meat_meat_meat": {
    "criteria": {
      "config": "2022-12-21 15:19:09 +0300"
    },
    "done": false
  },
  "xercamod:recipes/food/smoking_pizza_fish_mushroom": {
    "criteria": {
      "config": "2022-12-21 15:19:09 +0300"
    },
    "done": false
  },
  "xercamod:recipes/food/item_fancy_donut": {
    "criteria": {
      "config": "2022-12-21 15:19:09 +0300"
    },
    "done": false
  },
  "xercamod:recipes/terracotta_tile/gray_terratile": {
    "criteria": {
      "config": "2022-12-21 15:19:09 +0300"
    },
    "done": false
  },
  "xercamod:recipes/food/raw_pizza_meat_meat_mushroom": {
    "criteria": {
      "config": "2022-12-21 15:19:09 +0300"
    },
    "done": false
  },
  "xercamod:recipes/terracotta_tile/black_terratile_stairs": {
    "criteria": {
      "config": "2022-12-21 15:19:09 +0300"
    },
    "done": false
  },
  "xercamod:recipes/food/raw_pizza_chicken_fish_fish": {
    "criteria": {
      "config": "2022-12-21 15:19:09 +0300"
    },
    "done": false
  },
  "xercamod:recipes/food/smelting_pizza_fish_fish_fish": {
    "criteria": {
      "config": "2022-12-21 15:19:09 +0300"
    },
    "done": false
  },
  "xercamod:recipes/food/smoking_pizza_chicken_fish": {
    "criteria": {
      "config": "2022-12-21 15:19:09 +0300"
    },
    "done": false
  },
  "xercamod:recipes/confetti/item_confetti": {
    "criteria": {
      "config": "2022-12-21 15:19:09 +0300"
    },
    "done": false
  },
  "xercamod:recipes/food/item_daisy_sandwich": {
    "criteria": {
      "config": "2022-12-21 15:19:09 +0300"
    },
    "done": false
  },
  "xercamod:recipes/food/item_fancy_apple_cupcake": {
    "criteria": {
      "config": "2022-12-21 15:19:09 +0300"
    },
    "done": false
  },
  "xercamod:recipes/food/smelting_item_cooked_sausage": {
    "criteria": {
      "config": "2022-12-21 15:19:09 +0300"
    },
    "done": false
  },
  "xercamod:recipes/food/smelting_pizza_pepperoni": {
    "criteria": {
      "config": "2022-12-21 15:19:09 +0300"
    },
    "done": false
  },
  "xercamod:recipes/food/campfire_cooking_pizza_fish_pepperoni_pepperoni": {
    "criteria": {
      "config": "2022-12-21 15:19:09 +0300"
    },
    "done": false
  },
  "xercamod:recipes/scythe/diamond_scythe": {
    "criteria": {
      "has_item": "2022-12-21 15:22:57 +0300",
      "config": "2022-12-21 15:19:09 +0300"
    },
    "done": true
  },
  "xercamod:recipes/food/smoking_pizza_mushroom_pepperoni_pepperoni": {
    "criteria": {
      "config": "2022-12-21 15:19:09 +0300"
    },
    "done": false
  },
  "xercamod:recipes/warhammer/item_iron_warhammer": {
    "criteria": {
      "config": "2022-12-21 15:19:09 +0300"
    },
    "done": false
  },
  "minecraft:recipes/combat/wooden_sword": {
    "criteria": {
      "has_stick": "2022-12-21 15:23:12 +0300"
    },
    "done": true
  },
  "xercamod:recipes/food/item_glass_of_water": {
    "criteria": {
      "config": "2022-12-21 15:19:09 +0300"
    },
    "done": false
  },
  "xercamod:recipes/food/raw_pizza_chicken_chicken_chicken": {
    "criteria": {
      "config": "2022-12-21 15:19:09 +0300"
    },
    "done": false
  },
  "xercamod:recipes/terracotta_tile/purple_terratile": {
    "criteria": {
      "config": "2022-12-21 15:19:09 +0300"
    },
    "done": false
  },
  "minecraft:recipes/building_blocks/oak_planks": {
    "criteria": {
      "has_logs": "2022-12-21 15:23:04 +0300"
    },
    "done": true
  },
  "xercamod:recipes/food/campfire_cooking_pizza_fish_mushroom": {
    "criteria": {
      "config": "2022-12-21 15:19:09 +0300"
    },
    "done": false
  },
  "xercamod:recipes/food/campfire_cooking_baked_rice_pudding": {
    "criteria": {
      "config": "2022-12-21 15:19:09 +0300"
    },
    "done": false
  },
  "xercamod:recipes/food/egg_sushi": {
    "criteria": {
      "config": "2022-12-21 15:19:09 +0300"
    },
    "done": false
  },
  "xercamod:recipes/terracotta_tile/light_blue_terratile_slab": {
    "criteria": {
      "config": "2022-12-21 15:19:09 +0300"
    },
    "done": false
  },
  "xercamod:recipes/coins/gold_nugget": {
    "criteria": {
      "config": "2022-12-21 15:19:09 +0300"
    },
    "done": false
  },
  "xercamod:recipes/cushion/gray_cushion": {
    "criteria": {
      "config": "2022-12-21 15:19:09 +0300"
    },
    "done": false
  },
  "xercamod:recipes/food/raw_pizza_fish_meat": {
    "criteria": {
      "config": "2022-12-21 15:19:09 +0300"
    },
    "done": false
  },
  "xercamod:recipes/food/smelting_pizza_fish_fish_mushroom": {
    "criteria": {
      "config": "2022-12-21 15:19:09 +0300"
    },
    "done": false
  },
  "xercamod:recipes/food/raw_pizza_chicken_mushroom_mushroom": {
    "criteria": {
      "config": "2022-12-21 15:19:09 +0300"
    },
    "done": false
  },
  "xercamod:recipes/food/campfire_cooking_pizza_fish_fish": {
    "criteria": {
      "config": "2022-12-21 15:19:09 +0300"
    },
    "done": false
  },
  "xercamod:recipes/food/campfire_cooking_pizza_chicken_chicken_mushroom": {
    "criteria": {
      "config": "2022-12-21 15:19:09 +0300"
    },
    "done": false
  },
  "xercamod:recipes/food/campfire_cooking_pizza_chicken_chicken_fish": {
    "criteria": {
      "config": "2022-12-21 15:19:09 +0300"
    },
    "done": false
  },
  "xercamod:recipes/food/item_chocolate": {
    "criteria": {
      "config": "2022-12-21 15:19:09 +0300"
    },
    "done": false
  },
  "xercamod:recipes/food/smoking_pizza_fish_pepperoni_pepperoni": {
    "criteria": {
      "config": "2022-12-21 15:19:09 +0300"
    },
    "done": false
  },
  "xercamod:recipes/food/smoking_pizza_fish_fish_mushroom": {
    "criteria": {
      "config": "2022-12-21 15:19:09 +0300"
    },
    "done": false
  },
  "xercamod:recipes/terracotta_tile/lime_terratile": {
    "criteria": {
      "config": "2022-12-21 15:19:09 +0300"
    },
    "done": false
  },
  "minecraft:recipes/combat/crossbow": {
    "criteria": {
      "has_stick": "2022-12-21 15:23:12 +0300"
    },
    "done": true
  },
  "xercamod:recipes/food/campfire_cooking_pizza_meat_meat_meat": {
    "criteria": {
      "config": "2022-12-21 15:19:09 +0300"
    },
    "done": false
  },
  "xercamod:recipes/food/campfire_cooking_pizza_fish_mushroom_mushroom": {
    "criteria": {
      "config": "2022-12-21 15:19:09 +0300"
    },
    "done": false
  },
  "minecraft:recipes/decorations/oak_sign": {
    "criteria": {
      "has_planks": "2022-12-21 15:23:02 +0300"
    },
    "done": true
  },
  "minecraft:recipes/redstone/oak_trapdoor": {
    "criteria": {
      "has_planks": "2022-12-21 15:23:02 +0300"
    },
    "done": true
  },
  "xercamod:recipes/food/item_doner_wrap": {
    "criteria": {
      "config": "2022-12-21 15:19:09 +0300"
    },
    "done": false
  },
  "xercamod:recipes/food/smoking_pizza_chicken_pepperoni_pepperoni": {
    "criteria": {
      "config": "2022-12-21 15:19:09 +0300"
    },
    "done": false
  },
  "xercamod:recipes/food/item_alexander": {
    "criteria": {
      "config": "2022-12-21 15:19:09 +0300"
    },
    "done": false
  },
  "xercamod:recipes/food/item_tomato_slices": {
    "criteria": {
      "config": "2022-12-21 15:19:09 +0300"
    },
    "done": false
  },
  "xercamod:recipes/food/smelting_item_hot_teapot_1": {
    "criteria": {
      "config": "2022-12-21 15:19:09 +0300"
    },
    "done": false
  },
  "xercamod:recipes/food/campfire_cooking_pizza_meat_mushroom_mushroom": {
    "criteria": {
      "config": "2022-12-21 15:19:09 +0300"
    },
    "done": false
  },
  "xercamod:recipes/food/smelting_item_hot_teapot_2": {
    "criteria": {
      "config": "2022-12-21 15:19:09 +0300"
    },
    "done": false
  },
  "xercamod:recipes/food/campfire_cooking_pizza_chicken_fish": {
    "criteria": {
      "config": "2022-12-21 15:19:09 +0300"
    },
    "done": false
  },
  "xercamod:recipes/food/smelting_item_hot_teapot_3": {
    "criteria": {
      "config": "2022-12-21 15:19:09 +0300"
    },
    "done": false
  },
  "xercamod:recipes/food/smoking_pizza_fish_mushroom_pepperoni": {
    "criteria": {
      "config": "2022-12-21 15:19:09 +0300"
    },
    "done": false
  },
  "xercamod:recipes/food/smoking_pizza_chicken_fish_pepperoni": {
    "criteria": {
      "config": "2022-12-21 15:19:09 +0300"
    },
    "done": false
  },
  "xercamod:recipes/food/sweet_berry_cupcake": {
    "criteria": {
      "config": "2022-12-21 15:19:09 +0300"
    },
    "done": false
  },
  "xercamod:recipes/food/smelting_item_hot_teapot_4": {
    "criteria": {
      "config": "2022-12-21 15:19:09 +0300"
    },
    "done": false
  },
  "xercamod:recipes/food/smelting_item_hot_teapot_5": {
    "criteria": {
      "config": "2022-12-21 15:19:09 +0300"
    },
    "done": false
  },
  "xercamod:recipes/food/smelting_pizza": {
    "criteria": {
      "config": "2022-12-21 15:19:09 +0300"
    },
    "done": false
  },
  "xercamod:recipes/food/smelting_item_hot_teapot_6": {
    "criteria": {
      "config": "2022-12-21 15:19:09 +0300"
    },
    "done": false
  },
  "xercamod:recipes/food/smelting_item_hot_teapot_7": {
    "criteria": {
      "config": "2022-12-21 15:19:09 +0300"
    },
    "done": false
  },
  "xercamod:recipes/food/smoking_pizza_chicken_chicken_mushroom": {
    "criteria": {
      "config": "2022-12-21 15:19:09 +0300"
    },
    "done": false
  },
  "xercamod:recipes/food/smelting_pizza_meat_mushroom": {
    "criteria": {
      "config": "2022-12-21 15:19:09 +0300"
    },
    "done": false
  },
  "xercamod:recipes/food/smoking_item_yoghurt": {
    "criteria": {
      "config": "2022-12-21 15:19:09 +0300"
    },
    "done": false
  },
  "xercamod:recipes/terracotta_tile/red_terratile_stairs": {
    "criteria": {
      "config": "2022-12-21 15:19:09 +0300"
    },
    "done": false
  },
  "minecraft:adventure/adventuring_time": {
    "criteria": {
      "minecraft:plains": "2022-12-21 15:19:10 +0300"
    },
    "done": false
  },
  "xercamod:recipes/food/smelting_pizza_fish_pepperoni_pepperoni": {
    "criteria": {
      "config": "2022-12-21 15:19:09 +0300"
    },
    "done": false
  },
  "xercamod:recipes/food/raw_pizza_chicken_pepperoni": {
    "criteria": {
      "config": "2022-12-21 15:19:09 +0300"
    },
    "done": false
  },
  "xercamod:recipes/terracotta_tile/black_terratile_slab": {
    "criteria": {
      "config": "2022-12-21 15:19:09 +0300"
    },
    "done": false
  },
  "xercamod:recipes/food/smoking_pizza_chicken_fish_meat": {
    "criteria": {
      "config": "2022-12-21 15:19:09 +0300"
    },
    "done": false
  },
  "xercamod:recipes/food/smelting_pizza_fish_fish": {
    "criteria": {
      "config": "2022-12-21 15:19:09 +0300"
    },
    "done": false
  },
  "xercamod:recipes/food/smelting_pizza_chicken_chicken": {
    "criteria": {
      "config": "2022-12-21 15:19:09 +0300"
    },
    "done": false
  },
  "xercamod:recipes/food/smelting_pizza_chicken_chicken_mushroom": {
    "criteria": {
      "config": "2022-12-21 15:19:09 +0300"
    },
    "done": false
  },
  "xercamod:recipes/food/campfire_cooking_pizza_mushroom_mushroom_mushroom": {
    "criteria": {
      "config": "2022-12-21 15:19:09 +0300"
    },
    "done": false
  },
  "minecraft:recipes/decorations/barrel": {
    "criteria": {
      "has_planks": "2022-12-21 15:23:02 +0300"
    },
    "done": true
  },
  "xercamod:recipes/food/raw_pizza_meat_mushroom": {
    "criteria": {
      "config": "2022-12-21 15:19:09 +0300"
    },
    "done": false
  },
  "xercamod:recipes/terracotta_tile/pink_terratile_slab": {
    "criteria": {
      "config": "2022-12-21 15:19:09 +0300"
    },
    "done": false
  },
  "xercamod:recipes/food/raw_pizza_chicken": {
    "criteria": {
      "config": "2022-12-21 15:19:09 +0300"
    },
    "done": false
  },
  "xercamod:recipes/food/squid_ink_paella": {
    "criteria": {
      "config": "2022-12-21 15:19:09 +0300"
    },
    "done": false
  },
  "xercamod:recipes/food/item_honey_cupcake": {
    "criteria": {
      "config": "2022-12-21 15:19:09 +0300"
    },
    "done": false
  },
  "xercamod:recipes/food/item_hotdog": {
    "criteria": {
      "config": "2022-12-21 15:19:09 +0300"
    },
    "done": false
  },
  "xercamod:recipes/food/raw_pizza_mushroom_mushroom": {
    "criteria": {
      "config": "2022-12-21 15:19:09 +0300"
    },
    "done": false
  },
  "xercamod:recipes/terracotta_tile/purple_terratile_stairs": {
    "criteria": {
      "config": "2022-12-21 15:19:09 +0300"
    },
    "done": false
  },
  "xercamod:recipes/leather_straw/sugar_cane": {
    "criteria": {
      "config": "2022-12-21 15:19:09 +0300"
    },
    "done": false
  },
  "xercamod:recipes/food/campfire_cooking_pizza_meat_pepperoni_pepperoni": {
    "criteria": {
      "config": "2022-12-21 15:19:09 +0300"
    },
    "done": false
  },
  "xercamod:recipes/food/smoking_pizza_fish_mushroom_mushroom": {
    "criteria": {
      "config": "2022-12-21 15:19:09 +0300"
    },
    "done": false
  },
  "xercamod:recipes/food/smelting_item_cooked_patty": {
    "criteria": {
      "config": "2022-12-21 15:19:09 +0300"
    },
    "done": false
  },
  "xercamod:recipes/food/campfire_cooking_item_fried_egg": {
    "criteria": {
      "config": "2022-12-21 15:19:09 +0300"
    },
    "done": false
  },
  "minecraft:recipes/building_blocks/diamond_block": {
    "criteria": {
      "has_diamond": "2022-12-21 15:22:57 +0300"
    },
    "done": true
  },
  "xercamod:recipes/terracotta_tile/magenta_terratile": {
    "criteria": {
      "config": "2022-12-21 15:19:09 +0300"
    },
    "done": false
  },
  "xercamod:recipes/food/smelting_pizza_meat_pepperoni": {
    "criteria": {
      "config": "2022-12-21 15:19:09 +0300"
    },
    "done": false
  },
  "dungeons_arise:wda_root": {
    "criteria": {
      "WDA": "2022-12-21 15:19:09 +0300"
    },
    "done": true
  },
  "xercamod:recipes/food/smoking_pizza_chicken_chicken": {
    "criteria": {
      "config": "2022-12-21 15:19:09 +0300"
    },
    "done": false
  },
  "xercamod:recipes/food/smoking_pizza_pepperoni_pepperoni_pepperoni": {
    "criteria": {
      "config": "2022-12-21 15:19:09 +0300"
    },
    "done": false
  },
  "xercamod:recipes/food/campfire_cooking_pizza_fish": {
    "criteria": {
      "config": "2022-12-21 15:19:09 +0300"
    },
    "done": false
  },
  "xercamod:recipes/food/smelting_pizza_meat": {
    "criteria": {
      "config": "2022-12-21 15:19:09 +0300"
    },
    "done": false
  },
  "xercamod:recipes/cushion/purple_cushion": {
    "criteria": {
      "config": "2022-12-21 15:19:09 +0300"
    },
    "done": false
  },
  "xercamod:recipes/scythe/wooden_scythe": {
    "criteria": {
      "has_item": "2022-12-21 15:23:02 +0300",
      "config": "2022-12-21 15:19:09 +0300"
    },
    "done": true
  },
  "xercamod:recipes/food/smoking_pizza_chicken_fish_mushroom": {
    "criteria": {
      "config": "2022-12-21 15:19:09 +0300"
    },
    "done": false
  },
  "xercamod:recipes/food/raw_pizza_meat_mushroom_pepperoni": {
    "criteria": {
      "config": "2022-12-21 15:19:09 +0300"
    },
    "done": false
  },
  "xercamod:recipes/food/smoking_pizza_fish_fish_pepperoni": {
    "criteria": {
      "config": "2022-12-21 15:19:09 +0300"
    },
    "done": false
  },
  "xercamod:recipes/food/raw_pizza_fish_pepperoni_pepperoni": {
    "criteria": {
      "config": "2022-12-21 15:19:09 +0300"
    },
    "done": false
  },
  "xercamod:recipes/food/campfire_cooking_pizza_fish_fish_fish": {
    "criteria": {
      "config": "2022-12-21 15:19:09 +0300"
    },
    "done": false
  },
  "xercamod:recipes/food/item_ultimate_top": {
    "criteria": {
      "config": "2022-12-21 15:19:09 +0300"
    },
    "done": false
  },
  "xercamod:recipes/food/smoking_item_tea_dried": {
    "criteria": {
      "config": "2022-12-21 15:19:09 +0300"
    },
    "done": false
  },
  "xercamod:recipes/food/item_sprinkles": {
    "criteria": {
      "config": "2022-12-21 15:19:09 +0300"
    },
    "done": false
  },
  "xercamod:recipes/food/campfire_cooking_pizza_mushroom_pepperoni": {
    "criteria": {
      "config": "2022-12-21 15:19:09 +0300"
    },
    "done": false
  },
  "xercamod:recipes/food/smoking_pizza_fish": {
    "criteria": {
      "config": "2022-12-21 15:19:09 +0300"
    },
    "done": false
  },
  "xercamod:recipes/food/raw_pizza_fish_meat_mushroom": {
    "criteria": {
      "config": "2022-12-21 15:19:09 +0300"
    },
    "done": false
  },
  "xercamod:recipes/food/smoking_pizza_fish_meat_meat": {
    "criteria": {
      "config": "2022-12-21 15:19:09 +0300"
    },
    "done": false
  },
  "xercamod:recipes/food/item_apple_juice": {
    "criteria": {
      "config": "2022-12-21 15:19:09 +0300"
    },
    "done": false
  },
  "xercamod:recipes/food/smelting_pizza_chicken_chicken_meat": {
    "criteria": {
      "config": "2022-12-21 15:19:09 +0300"
    },
    "done": false
  },
  "xercamod:recipes/food/smoking_pizza": {
    "criteria": {
      "config": "2022-12-21 15:19:09 +0300"
    },
    "done": false
  },
  "xercamod:recipes/terracotta_tile/magenta_terratile_stairs": {
    "criteria": {
      "config": "2022-12-21 15:19:09 +0300"
    },
    "done": false
  },
  "xercamod:recipes/food/smoking_pizza_chicken": {
    "criteria": {
      "config": "2022-12-21 15:19:09 +0300"
    },
    "done": false
  },
  "xercamod:recipes/food/smoking_pizza_fish_fish": {
    "criteria": {
      "config": "2022-12-21 15:19:09 +0300"
    },
    "done": false
  },
  "xercamod:recipes/food/raw_pizza_meat_pepperoni": {
    "criteria": {
      "config": "2022-12-21 15:19:09 +0300"
    },
    "done": false
  },
  "xercamod:recipes/cushion/blue_cushion": {
    "criteria": {
      "config": "2022-12-21 15:19:09 +0300"
    },
    "done": false
  },
  "xercamod:recipes/food/raw_pizza_chicken_mushroom": {
    "criteria": {
      "config": "2022-12-21 15:19:09 +0300"
    },
    "done": false
  },
  "undergarden:recipes/decorations/torch_ditchbulb_paste": {
    "criteria": {
      "has_stick": "2022-12-21 15:23:12 +0300"
    },
    "done": true
  },
  "xercamod:recipes/food/campfire_cooking_pizza_chicken_meat_mushroom": {
    "criteria": {
      "config": "2022-12-21 15:19:09 +0300"
    },
    "done": false
  },
  "xercamod:recipes/food/campfire_cooking_pizza_fish_fish_pepperoni": {
    "criteria": {
      "config": "2022-12-21 15:19:09 +0300"
    },
    "done": false
  },
  "xercamod:recipes/omni_chest/omni_chest": {
    "criteria": {
      "config": "2022-12-21 15:19:09 +0300"
    },
    "done": false
  },
  "xercamod:recipes/food/nigiri_sushi": {
    "criteria": {
      "config": "2022-12-21 15:19:09 +0300"
    },
    "done": false
  },
  "xercamod:recipes/food/smoking_pizza_meat": {
    "criteria": {
      "config": "2022-12-21 15:19:09 +0300"
    },
    "done": false
  },
  "xercamod:recipes/food/raw_pizza_meat": {
    "criteria": {
      "config": "2022-12-21 15:19:09 +0300"
    },
    "done": false
  },
  "xercamod:recipes/food/smelting_pizza_mushroom_pepperoni_pepperoni": {
    "criteria": {
      "config": "2022-12-21 15:19:09 +0300"
    },
    "done": false
  },
  "xercamod:recipes/food/raw_pizza_pepperoni": {
    "criteria": {
      "config": "2022-12-21 15:19:09 +0300"
    },
    "done": false
  },
  "xercamod:recipes/food/campfire_cooking_pizza_chicken_fish_meat": {
    "criteria": {
      "config": "2022-12-21 15:19:09 +0300"
    },
    "done": false
  },
  "xercamod:recipes/food/smoking_item_potato_fries": {
    "criteria": {
      "config": "2022-12-21 15:19:09 +0300"
    },
    "done": false
  },
  "xercamod:recipes/food/smelting_pizza_chicken_meat": {
    "criteria": {
      "config": "2022-12-21 15:19:09 +0300"
    },
    "done": false
  },
  "xercamod:recipes/scythe/iron_scythe": {
    "criteria": {
      "config": "2022-12-21 15:19:09 +0300"
    },
    "done": false
  },
  "xercamod:recipes/food/campfire_cooking_pizza_mushroom_mushroom": {
    "criteria": {
      "config": "2022-12-21 15:19:09 +0300"
    },
    "done": false
  },
  "xercamod:recipes/food/campfire_cooking_pizza_chicken_chicken_meat": {
    "criteria": {
      "config": "2022-12-21 15:19:09 +0300"
    },
    "done": false
  },
  "xercamod:recipes/food/smelting_pizza_meat_mushroom_pepperoni": {
    "criteria": {
      "config": "2022-12-21 15:19:09 +0300"
    },
    "done": false
  },
  "xercamod:recipes/food/raw_pizza_fish_mushroom": {
    "criteria": {
      "config": "2022-12-21 15:19:09 +0300"
    },
    "done": false
  },
  "xercamod:recipes/food/smoking_item_cooked_patty": {
    "criteria": {
      "config": "2022-12-21 15:19:09 +0300"
    },
    "done": false
  },
  "xercamod:recipes/food/item_fancy_pumpkin_cupcake": {
    "criteria": {
      "config": "2022-12-21 15:19:09 +0300"
    },
    "done": false
  },
  "xercamod:recipes/food/raw_pizza_chicken_meat_mushroom": {
    "criteria": {
      "config": "2022-12-21 15:19:09 +0300"
    },
    "done": false
  },
  "minecraft:recipes/decorations/campfire": {
    "criteria": {
      "has_stick": "2022-12-21 15:23:12 +0300"
    },
    "done": true
  },
  "xercamod:recipes/food/vat": {
    "criteria": {
      "config": "2022-12-21 15:19:09 +0300"
    },
    "done": false
  },
  "xercamod:recipes/leather_straw/item_block_straw": {
    "criteria": {
      "config": "2022-12-21 15:19:09 +0300"
    },
    "done": false
  },
  "xercamod:recipes/food/campfire_cooking_pizza_chicken_meat_pepperoni": {
    "criteria": {
      "config": "2022-12-21 15:19:09 +0300"
    },
    "done": false
  },
  "xercamod:recipes/warhammer/item_gold_warhammer": {
    "criteria": {
      "config": "2022-12-21 15:19:09 +0300"
    },
    "done": false
  },
  "xercamod:recipes/food/cola_powder": {
    "criteria": {
      "config": "2022-12-21 15:19:09 +0300"
    },
    "done": false
  },
  "xercamod:recipes/courtroom/item_gavel": {
    "criteria": {
      "has_item": "2022-12-21 15:23:02 +0300",
      "config": "2022-12-21 15:19:09 +0300"
    },
    "done": true
  },
  "xercamod:recipes/terracotta_tile/white_terratile": {
    "criteria": {
      "config": "2022-12-21 15:19:09 +0300"
    },
    "done": false
  },
  "xercamod:recipes/food/item_rotten_burger": {
    "criteria": {
      "config": "2022-12-21 15:19:09 +0300"
    },
    "done": false
  },
  "xercamod:recipes/food/campfire_cooking_item_yoghurt": {
    "criteria": {
      "config": "2022-12-21 15:19:09 +0300"
    },
    "done": false
  },
  "xercamod:recipes/food/raw_pizza_fish_fish_pepperoni": {
    "criteria": {
      "config": "2022-12-21 15:19:09 +0300"
    },
    "done": false
  },
  "minecraft:recipes/combat/diamond_sword": {
    "criteria": {
      "has_diamond": "2022-12-21 15:22:57 +0300"
    },
    "done": true
  },
  "xercamod:recipes/ender_flask/flask": {
    "criteria": {
      "config": "2022-12-21 15:19:09 +0300"
    },
    "done": false
  },
  "xercamod:recipes/coins/item_golden_coin_5_alt": {
    "criteria": {
      "config": "2022-12-21 15:19:09 +0300"
    },
    "done": false
  },
  "minecraft:recipes/decorations/jukebox": {
    "criteria": {
      "has_diamond": "2022-12-21 15:22:57 +0300"
    },
    "done": true
  },
  "xercamod:recipes/food/smelting_pizza_fish_pepperoni": {
    "criteria": {
      "config": "2022-12-21 15:19:09 +0300"
    },
    "done": false
  },
  "xercamod:recipes/food/campfire_cooking_item_shish_kebab": {
    "criteria": {
      "config": "2022-12-21 15:19:09 +0300"
    },
    "done": false
  },
  "xercamod:recipes/cushion/lime_cushion": {
    "criteria": {
      "config": "2022-12-21 15:19:09 +0300"
    },
    "done": false
  },
  "xercamod:recipes/food/smelting_pizza_chicken_pepperoni": {
    "criteria": {
      "config": "2022-12-21 15:19:09 +0300"
    },
    "done": false
  },
  "xercamod:recipes/food/smoking_pizza_meat_meat": {
    "criteria": {
      "config": "2022-12-21 15:19:09 +0300"
    },
    "done": false
  },
  "xercamod:recipes/food/smoking_pizza_chicken_mushroom_mushroom": {
    "criteria": {
      "config": "2022-12-21 15:19:09 +0300"
    },
    "done": false
  },
  "xercamod:recipes/food/item_ayran": {
    "criteria": {
      "config": "2022-12-21 15:19:09 +0300"
    },
    "done": false
  },
  "xercamod:recipes/terracotta_tile/light_gray_terratile": {
    "criteria": {
      "config": "2022-12-21 15:19:09 +0300"
    },
    "done": false
  },
  "xercamod:recipes/food/item_chicken_wrap": {
    "criteria": {
      "config": "2022-12-21 15:19:09 +0300"
    },
    "done": false
  },
  "xercamod:recipes/food/campfire_cooking_pizza_fish_pepperoni": {
    "criteria": {
      "config": "2022-12-21 15:19:09 +0300"
    },
    "done": false
  },
  "minecraft:recipes/tools/wooden_hoe": {
    "criteria": {
      "has_stick": "2022-12-21 15:23:12 +0300"
    },
    "done": true
  },
  "xercamod:recipes/food/smelting_pizza_pepperoni_pepperoni_pepperoni": {
    "criteria": {
      "config": "2022-12-21 15:19:09 +0300"
    },
    "done": false
  },
  "xercamod:recipes/food/campfire_cooking_pizza_meat_meat_mushroom": {
    "criteria": {
      "config": "2022-12-21 15:19:09 +0300"
    },
    "done": false
  },
  "xercamod:recipes/food/raw_pizza_chicken_meat": {
    "criteria": {
      "config": "2022-12-21 15:19:09 +0300"
    },
    "done": false
  },
  "xercamod:recipes/food/smoking_pizza_chicken_chicken_fish": {
    "criteria": {
      "config": "2022-12-21 15:19:09 +0300"
    },
    "done": false
  },
  "xercamod:recipes/food/smelting_item_tea_dried": {
    "criteria": {
      "config": "2022-12-21 15:19:09 +0300"
    },
    "done": false
  },
  "xercamod:recipes/food/raw_pizza_fish_fish_fish": {
    "criteria": {
      "config": "2022-12-21 15:19:09 +0300"
    },
    "done": false
  },
  "xercamod:recipes/food/smoking_pizza_mushroom_mushroom_mushroom": {
    "criteria": {
      "config": "2022-12-21 15:19:09 +0300"
    },
    "done": false
  },
  "xercamod:recipes/food/raw_pizza_mushroom_pepperoni_pepperoni": {
    "criteria": {
      "config": "2022-12-21 15:19:09 +0300"
    },
    "done": false
  },
  "xercamod:recipes/food/cheeseburger": {
    "criteria": {
      "config": "2022-12-21 15:19:09 +0300"
    },
    "done": false
  },
  "xercamod:recipes/cushion/black_cushion": {
    "criteria": {
      "config": "2022-12-21 15:19:09 +0300"
    },
    "done": false
  },
  "xercamod:recipes/food/campfire_cooking_pizza_fish_mushroom_pepperoni": {
    "criteria": {
      "config": "2022-12-21 15:19:09 +0300"
    },
    "done": false
  },
  "xercamod:recipes/food/item_tomato_juice": {
    "criteria": {
      "config": "2022-12-21 15:19:09 +0300"
    },
    "done": false
  },
  "twilightforest:arborist": {
    "criteria": {
      "root_strand": "2022-12-21 15:23:26 +0300"
    },
    "done": false
  },
  "xercamod:recipes/terracotta_tile/blue_terratile_slab": {
    "criteria": {
      "config": "2022-12-21 15:19:09 +0300"
    },
    "done": false
  },
  "xercamod:recipes/food/raw_pizza_chicken_chicken_mushroom": {
    "criteria": {
      "config": "2022-12-21 15:19:09 +0300"
    },
    "done": false
  },
  "xercamod:recipes/food/raw_pizza_chicken_meat_pepperoni": {
    "criteria": {
      "config": "2022-12-21 15:19:09 +0300"
    },
    "done": false
  },
  "xercamod:recipes/food/smoking_pizza_mushroom_mushroom": {
    "criteria": {
      "config": "2022-12-21 15:19:09 +0300"
    },
    "done": false
  },
  "xercamod:recipes/food/campfire_cooking_item_cooked_chicken_patty": {
    "criteria": {
      "config": "2022-12-21 15:19:09 +0300"
    },
    "done": false
  },
  "minecraft:recipes/redstone/oak_fence_gate": {
    "criteria": {
      "has_planks": "2022-12-21 15:23:02 +0300"
    },
    "done": true
  },
  "xercamod:recipes/food/raw_shish_kebab": {
    "criteria": {
      "config": "2022-12-21 15:19:09 +0300"
    },
    "done": false
  },
  "xercamod:recipes/food/smelting_pizza_chicken_fish_mushroom": {
    "criteria": {
      "config": "2022-12-21 15:19:09 +0300"
    },
    "done": false
  },
  "xercamod:recipes/food/raw_pizza_chicken_chicken_fish": {
    "criteria": {
      "config": "2022-12-21 15:19:09 +0300"
    },
    "done": false
  },
  "xercamod:recipes/food/smelting_pizza_meat_meat_pepperoni": {
    "criteria": {
      "config": "2022-12-21 15:19:09 +0300"
    },
    "done": false
  },
  "minecraft:recipes/combat/diamond_chestplate": {
    "criteria": {
      "has_diamond": "2022-12-21 15:22:57 +0300"
    },
    "done": true
  },
  "xercamod:recipes/terracotta_tile/gray_terratile_stairs": {
    "criteria": {
      "config": "2022-12-21 15:19:09 +0300"
    },
    "done": false
  },
  "xercamod:recipes/food/smoking_pizza_chicken_meat_meat": {
    "criteria": {
      "config": "2022-12-21 15:19:09 +0300"
    },
    "done": false
  },
  "xercamod:recipes/food/campfire_cooking_pizza_meat_meat": {
    "criteria": {
      "config": "2022-12-21 15:19:09 +0300"
    },
    "done": false
  },
  "xercamod:recipes/food/smelting_item_yoghurt": {
    "criteria": {
      "config": "2022-12-21 15:19:09 +0300"
    },
    "done": false
  },
  "minecraft:recipes/misc/charcoal": {
    "criteria": {
      "has_log": "2022-12-21 15:23:04 +0300"
    },
    "done": true
  },
  "minecraft:recipes/tools/wooden_pickaxe": {
    "criteria": {
      "has_stick": "2022-12-21 15:23:12 +0300"
    },
    "done": true
  },
  "xercamod:recipes/cushion/light_gray_cushion": {
    "criteria": {
      "config": "2022-12-21 15:19:09 +0300"
    },
    "done": false
  },
  "xercamod:recipes/food/smoking_pizza_meat_meat_pepperoni": {
    "criteria": {
      "config": "2022-12-21 15:19:09 +0300"
    },
    "done": false
  },
  "xercamod:recipes/food/smelting_pizza_mushroom": {
    "criteria": {
      "config": "2022-12-21 15:19:09 +0300"
    },
    "done": false
  },
  "xercamod:recipes/scythe/stone_scythe": {
    "criteria": {
      "config": "2022-12-21 15:19:09 +0300"
    },
    "done": false
  },
  "xercamod:recipes/food/smelting_pizza_chicken_chicken_pepperoni": {
    "criteria": {
      "config": "2022-12-21 15:19:09 +0300"
    },
    "done": false
  },
  "xercamod:recipes/food/smelting_pizza_meat_meat_meat": {
    "criteria": {
      "config": "2022-12-21 15:19:09 +0300"
    },
    "done": false
  },
  "xercamod:recipes/food/item_carrot_cupcake": {
    "criteria": {
      "config": "2022-12-21 15:19:09 +0300"
    },
    "done": false
  },
  "farmersdelight:main/root": {
    "criteria": {
      "seeds": "2022-12-21 15:21:00 +0300"
    },
    "done": true
  },
  "minecraft:recipes/tools/diamond_hoe": {
    "criteria": {
      "has_diamond": "2022-12-21 15:22:57 +0300"
    },
    "done": true
  },
  "xercamod:recipes/food/item_melon_juice": {
    "criteria": {
      "config": "2022-12-21 15:19:09 +0300"
    },
    "done": false
  },
  "xercamod:recipes/food/smelting_pizza_chicken_mushroom": {
    "criteria": {
      "config": "2022-12-21 15:19:09 +0300"
    },
    "done": false
  },
  "minecraft:recipes/tools/diamond_shovel": {
    "criteria": {
      "has_diamond": "2022-12-21 15:22:57 +0300"
    },
    "done": true
  },
  "xercamod:recipes/food/smoking_pizza_chicken_chicken_chicken": {
    "criteria": {
      "config": "2022-12-21 15:19:09 +0300"
    },
    "done": false
  },
  "xercamod:recipes/food/campfire_cooking_pizza_fish_meat_pepperoni": {
    "criteria": {
      "config": "2022-12-21 15:19:09 +0300"
    },
    "done": false
  },
  "xercamod:recipes/terracotta_tile/yellow_terratile_stairs": {
    "criteria": {
      "config": "2022-12-21 15:19:09 +0300"
    },
    "done": false
  },
  "material_elements:root": {
    "criteria": {
      "crafting_table": "2022-12-21 15:22:57 +0300"
    },
    "done": true
  },
  "xercamod:recipes/food/glow_squid_ink_paella": {
    "criteria": {
      "config": "2022-12-21 15:19:09 +0300"
    },
    "done": false
  },
  "xercamod:recipes/food/smoking_pizza_fish_fish_meat": {
    "criteria": {
      "config": "2022-12-21 15:19:09 +0300"
    },
    "done": false
  },
  "xercamod:recipes/food/raw_pizza_meat_meat_pepperoni": {
    "criteria": {
      "config": "2022-12-21 15:19:09 +0300"
    },
    "done": false
  },
  "xercamod:recipes/terracotta_tile/light_blue_terratile_stairs": {
    "criteria": {
      "config": "2022-12-21 15:19:09 +0300"
    },
    "done": false
  },
  "xercamod:recipes/food/ender_cupcake": {
    "criteria": {
      "config": "2022-12-21 15:19:09 +0300"
    },
    "done": false
  },
  "xercamod:recipes/food/smoking_baked_rice_pudding": {
    "criteria": {
      "config": "2022-12-21 15:19:09 +0300"
    },
    "done": false
  },
  "xercamod:recipes/food/smelting_pizza_meat_pepperoni_pepperoni": {
    "criteria": {
      "config": "2022-12-21 15:19:09 +0300"
    },
    "done": false
  },
  "xercamod:recipes/food/smoking_pizza_chicken_mushroom_pepperoni": {
    "criteria": {
      "config": "2022-12-21 15:19:09 +0300"
    },
    "done": false
  },
  "xercamod:recipes/food/rice_pudding": {
    "criteria": {
      "config": "2022-12-21 15:19:09 +0300"
    },
    "done": false
  },
  "xercamod:recipes/food/smelting_pizza_meat_meat_mushroom": {
    "criteria": {
      "config": "2022-12-21 15:19:09 +0300"
    },
    "done": false
  },
  "xercamod:recipes/cushion/red_cushion": {
    "criteria": {
      "config": "2022-12-21 15:19:09 +0300"
    },
    "done": false
  },
  "minecraft:story/mine_diamond": {
    "criteria": {
      "diamond": "2022-12-21 15:22:57 +0300"
    },
    "done": true
  },
  "minecraft:recipes/combat/diamond_helmet": {
    "criteria": {
      "has_diamond": "2022-12-21 15:22:57 +0300"
    },
    "done": true
  },
  "xercamod:recipes/food/raw_pizza_meat_meat_meat": {
    "criteria": {
      "config": "2022-12-21 15:19:09 +0300"
    },
    "done": false
  },
  "xercamod:recipes/terracotta_tile/light_gray_terratile_slab": {
    "criteria": {
      "config": "2022-12-21 15:19:09 +0300"
    },
    "done": false
  },
  "xercamod:recipes/scythe/golden_scythe": {
    "criteria": {
      "config": "2022-12-21 15:19:09 +0300"
    },
    "done": false
  },
  "xercamod:recipes/grab_hook/item_grab_hook": {
    "criteria": {
      "config": "2022-12-21 15:19:09 +0300"
    },
    "done": false
  },
  "xercamod:recipes/terracotta_tile/red_terratile": {
    "criteria": {
      "config": "2022-12-21 15:19:09 +0300"
    },
    "done": false
  },
  "xercamod:recipes/food/smoking_pizza_chicken_meat_pepperoni": {
    "criteria": {
      "config": "2022-12-21 15:19:09 +0300"
    },
    "done": false
  },
  "xercamod:recipes/food/smelting_item_fried_egg": {
    "criteria": {
      "config": "2022-12-21 15:19:09 +0300"
    },
    "done": false
  },
  "minecraft:recipes/tools/wooden_axe": {
    "criteria": {
      "has_stick": "2022-12-21 15:23:12 +0300"
    },
    "done": true
  },
  "xercamod:recipes/cushion/cyan_cushion": {
    "criteria": {
      "config": "2022-12-21 15:19:09 +0300"
    },
    "done": false
  },
  "xercamod:recipes/cushion/magenta_cushion": {
    "criteria": {
      "config": "2022-12-21 15:19:09 +0300"
    },
    "done": false
  },
  "xercamod:recipes/food/smoking_item_hot_teapot_2": {
    "criteria": {
      "config": "2022-12-21 15:19:09 +0300"
    },
    "done": false
  },
  "xercamod:recipes/food/smoking_item_hot_teapot_1": {
    "criteria": {
      "config": "2022-12-21 15:19:09 +0300"
    },
    "done": false
  },
  "xercamod:recipes/food/item_carrot_juice": {
    "criteria": {
      "config": "2022-12-21 15:19:09 +0300"
    },
    "done": false
  },
  "xercamod:recipes/food/smoking_item_hot_teapot_4": {
    "criteria": {
      "config": "2022-12-21 15:19:09 +0300"
    },
    "done": false
  },
  "xercamod:recipes/food/smoking_item_hot_teapot_3": {
    "criteria": {
      "config": "2022-12-21 15:19:09 +0300"
    },
    "done": false
  },
  "xercamod:recipes/food/campfire_cooking_pizza_fish_meat_mushroom": {
    "criteria": {
      "config": "2022-12-21 15:19:09 +0300"
    },
    "done": false
  },
  "xercamod:recipes/terracotta_tile/orange_terratile": {
    "criteria": {
      "config": "2022-12-21 15:19:09 +0300"
    },
    "done": false
  },
  "xercamod:recipes/food/smoking_pizza_fish_meat_mushroom": {
    "criteria": {
      "config": "2022-12-21 15:19:09 +0300"
    },
    "done": false
  },
  "xercamod:achievements/root": {
    "criteria": {
      "crafting_table": "2022-12-21 15:21:00 +0300"
    },
    "done": true
  },
  "xercamod:recipes/food/item_raw_schnitzel": {
    "criteria": {
      "config": "2022-12-21 15:19:09 +0300"
    },
    "done": false
  },
  "minecraft:recipes/tools/diamond_axe": {
    "criteria": {
      "has_diamond": "2022-12-21 15:22:57 +0300"
    },
    "done": true
  },
  "xercamod:recipes/food/smelting_pizza_chicken_fish_pepperoni": {
    "criteria": {
      "config": "2022-12-21 15:19:09 +0300"
    },
    "done": false
  },
  "xercamod:recipes/leather_straw/leather": {
    "criteria": {
      "config": "2022-12-21 15:19:09 +0300"
    },
    "done": false
  },
  "xercamod:recipes/cushion/green_cushion": {
    "criteria": {
      "config": "2022-12-21 15:19:09 +0300"
    },
    "done": false
  },
  "xercamod:recipes/food/campfire_cooking_pizza_meat_mushroom": {
    "criteria": {
      "config": "2022-12-21 15:19:09 +0300"
    },
    "done": false
  },
  "xercamod:recipes/food/smoking_item_fried_egg": {
    "criteria": {
      "config": "2022-12-21 15:19:09 +0300"
    },
    "done": false
  },
  "xercamod:recipes/food/smoking_item_shish_kebab": {
    "criteria": {
      "config": "2022-12-21 15:19:09 +0300"
    },
    "done": false
  },
  "undergarden:undergarden/root": {
    "criteria": {
      "tick": "2022-12-21 15:19:09 +0300"
    },
    "done": true
  },
  "xercamod:recipes/food/campfire_cooking_item_hot_teapot_6": {
    "criteria": {
      "config": "2022-12-21 15:19:09 +0300"
    },
    "done": false
  },
  "xercamod:recipes/food/campfire_cooking_item_hot_teapot_5": {
    "criteria": {
      "config": "2022-12-21 15:19:09 +0300"
    },
    "done": false
  },
  "xercamod:recipes/food/campfire_cooking_item_hot_teapot_7": {
    "criteria": {
      "config": "2022-12-21 15:19:09 +0300"
    },
    "done": false
  },
  "xercamod:recipes/food/campfire_cooking_item_hot_teapot_2": {
    "criteria": {
      "config": "2022-12-21 15:19:09 +0300"
    },
    "done": false
  },
  "xercamod:recipes/food/item_raw_sausage": {
    "criteria": {
      "config": "2022-12-21 15:19:09 +0300"
    },
    "done": false
  },
  "xercamod:recipes/food/campfire_cooking_item_hot_teapot_1": {
    "criteria": {
      "config": "2022-12-21 15:19:09 +0300"
    },
    "done": false
  },
  "xercamod:recipes/food/campfire_cooking_item_hot_teapot_4": {
    "criteria": {
      "config": "2022-12-21 15:19:09 +0300"
    },
    "done": false
  },
  "xercamod:recipes/food/campfire_cooking_item_hot_teapot_3": {
    "criteria": {
      "config": "2022-12-21 15:19:09 +0300"
    },
    "done": false
  },
  "xercamod:recipes/food/smelting_pizza_meat_mushroom_mushroom": {
    "criteria": {
      "config": "2022-12-21 15:19:09 +0300"
    },
    "done": false
  },
  "xercamod:recipes/food/campfire_cooking_pizza_chicken_pepperoni_pepperoni": {
    "criteria": {
      "config": "2022-12-21 15:19:09 +0300"
    },
    "done": false
  },
  "xercamod:recipes/food/smoking_item_cooked_chicken_patty": {
    "criteria": {
      "config": "2022-12-21 15:19:09 +0300"
    },
    "done": false
  },
  "undergarden:recipes/undergarden_group/slingshot": {
    "criteria": {
      "has_stick": "2022-12-21 15:23:12 +0300"
    },
    "done": true
  },
  "xercamod:recipes/food/raw_pizza_chicken_chicken_meat": {
    "criteria": {
      "config": "2022-12-21 15:19:09 +0300"
    },
    "done": false
  },
  "xercamod:recipes/food/glowberry_cupcake": {
    "criteria": {
      "config": "2022-12-21 15:19:09 +0300"
    },
    "done": false
  },
  "xercamod:recipes/food/smelting_pizza_fish": {
    "criteria": {
      "config": "2022-12-21 15:19:09 +0300"
    },
    "done": false
  },
  "xercamod:recipes/food/smelting_pizza_chicken_meat_meat": {
    "criteria": {
      "config": "2022-12-21 15:19:09 +0300"
    },
    "done": false
  },
  "xercamod:recipes/food/smelting_item_shish_kebab": {
    "criteria": {
      "config": "2022-12-21 15:19:09 +0300"
    },
    "done": false
  },
  "xercamod:recipes/terracotta_tile/purple_terratile_slab": {
    "criteria": {
      "config": "2022-12-21 15:19:09 +0300"
    },
    "done": false
  },
  "xercamod:recipes/food/raw_pizza_chicken_pepperoni_pepperoni": {
    "criteria": {
      "config": "2022-12-21 15:19:09 +0300"
    },
    "done": false
  },
  "xercamod:recipes/terracotta_tile/pink_terratile": {
    "criteria": {
      "config": "2022-12-21 15:19:09 +0300"
    },
    "done": false
  },
  "xercamod:recipes/food/raw_pizza_fish_mushroom_mushroom": {
    "criteria": {
      "config": "2022-12-21 15:19:09 +0300"
    },
    "done": false
  },
  "minecraft:recipes/redstone/oak_pressure_plate": {
    "criteria": {
      "has_planks": "2022-12-21 15:23:02 +0300"
    },
    "done": true
  },
  "xercamod:recipes/food/smelting_pizza_mushroom_mushroom_mushroom": {
    "criteria": {
      "config": "2022-12-21 15:19:09 +0300"
    },
    "done": false
  },
  "undergarden:recipes/decorations/undergarden_scaffolding": {
    "criteria": {
      "has_stick": "2022-12-21 15:23:12 +0300"
    },
    "done": true
  },
  "xercamod:recipes/food/smoking_pizza_chicken_pepperoni": {
    "criteria": {
      "config": "2022-12-21 15:19:09 +0300"
    },
    "done": false
  },
  "xercamod:recipes/terracotta_tile/yellow_terratile": {
    "criteria": {
      "config": "2022-12-21 15:19:09 +0300"
    },
    "done": false
  },
  "xercamod:recipes/food/item_apple_cupcake": {
    "criteria": {
      "config": "2022-12-21 15:19:09 +0300"
    },
    "done": false
  },
  "xercamod:recipes/food/campfire_cooking_item_cooked_schnitzel": {
    "criteria": {
      "config": "2022-12-21 15:19:09 +0300"
    },
    "done": false
  },
  "xercamod:recipes/courtroom/item_prosecutor_badge": {
    "criteria": {
      "config": "2022-12-21 15:19:09 +0300"
    },
    "done": false
  },
  "xercamod:recipes/warhammer/item_diamond_warhammer": {
    "criteria": {
      "has_item": "2022-12-21 15:22:57 +0300",
      "config": "2022-12-21 15:19:09 +0300"
    },
    "done": true
  },
  "xercamod:recipes/food/smelting_pizza_chicken_chicken_fish": {
    "criteria": {
      "config": "2022-12-21 15:19:09 +0300"
    },
    "done": false
  },
  "xercamod:recipes/food/smoking_pizza_meat_mushroom_pepperoni": {
    "criteria": {
      "config": "2022-12-21 15:19:09 +0300"
    },
    "done": false
  },
  "xercamod:recipes/food/smelting_pizza_chicken_meat_pepperoni": {
    "criteria": {
      "config": "2022-12-21 15:19:09 +0300"
    },
    "done": false
  },
  "minecraft:recipes/building_blocks/oak_wood": {
    "criteria": {
      "has_log": "2022-12-21 15:23:04 +0300"
    },
    "done": true
  },
  "xercamod:recipes/terracotta_tile/brown_terratile": {
    "criteria": {
      "config": "2022-12-21 15:19:09 +0300"
    },
    "done": false
  },
  "xercamod:recipes/food/smoking_pizza_fish_fish_fish": {
    "criteria": {
      "config": "2022-12-21 15:19:09 +0300"
    },
    "done": false
  },
  "minecraft:story/root": {
    "criteria": {
      "crafting_table": "2022-12-21 15:22:57 +0300"
    },
    "done": true
  },
  "xercamod:recipes/food/campfire_cooking_pizza_fish_fish_meat": {
    "criteria": {
      "config": "2022-12-21 15:19:09 +0300"
    },
    "done": false
  },
  "xercamod:recipes/food/smoking_item_cooked_schnitzel": {
    "criteria": {
      "config": "2022-12-21 15:19:09 +0300"
    },
    "done": false
  },
  "xercamod:recipes/food/cheese_slice": {
    "criteria": {
      "config": "2022-12-21 15:19:09 +0300"
    },
    "done": false
  },
  "xercamod:recipes/food/smoking_item_hot_teapot_6": {
    "criteria": {
      "config": "2022-12-21 15:19:09 +0300"
    },
    "done": false
  },
  "xercamod:recipes/food/smoking_item_hot_teapot_5": {
    "criteria": {
      "config": "2022-12-21 15:19:09 +0300"
    },
    "done": false
  },
  "xercamod:recipes/terracotta_tile/cyan_terratile_slab": {
    "criteria": {
      "config": "2022-12-21 15:19:09 +0300"
    },
    "done": false
  },
  "xercamod:recipes/food/smoking_item_hot_teapot_7": {
    "criteria": {
      "config": "2022-12-21 15:19:09 +0300"
    },
    "done": false
  },
  "xercamod:recipes/food/smelting_pizza_fish_meat_mushroom": {
    "criteria": {
      "config": "2022-12-21 15:19:09 +0300"
    },
    "done": false
  },
  "xercamod:recipes/terracotta_tile/light_blue_terratile": {
    "criteria": {
      "config": "2022-12-21 15:19:09 +0300"
    },
    "done": false
  },
  "xercamod:recipes/food/smelting_pizza_mushroom_mushroom": {
    "criteria": {
      "config": "2022-12-21 15:19:09 +0300"
    },
    "done": false
  },
  "xercamod:recipes/food/campfire_cooking_pizza_chicken_meat": {
    "criteria": {
      "config": "2022-12-21 15:19:09 +0300"
    },
    "done": false
  },
  "xercamod:recipes/food/smoking_pizza_mushroom_pepperoni": {
    "criteria": {
      "config": "2022-12-21 15:19:09 +0300"
    },
    "done": false
  },
  "xercamod:recipes/food/smoking_pizza_fish_meat": {
    "criteria": {
      "config": "2022-12-21 15:19:09 +0300"
    },
    "done": false
  },
  "minecraft:recipes/redstone/oak_button": {
    "criteria": {
      "has_planks": "2022-12-21 15:23:02 +0300"
    },
    "done": true
  },
  "xercamod:recipes/rope/rope": {
    "criteria": {
      "config": "2022-12-21 15:19:09 +0300"
    },
    "done": false
  },
  "xercamod:recipes/food/sashimi": {
    "criteria": {
      "config": "2022-12-21 15:19:09 +0300"
    },
    "done": false
  },
  "xercamod:recipes/food/campfire_cooking_cooked_rice": {
    "criteria": {
      "config": "2022-12-21 15:19:09 +0300"
    },
    "done": false
  },
  "xercamod:recipes/food/smoking_item_cooked_sausage": {
    "criteria": {
      "config": "2022-12-21 15:19:09 +0300"
    },
    "done": false
  },
  "xercamod:recipes/food/raw_pizza_fish_mushroom_pepperoni": {
    "criteria": {
      "config": "2022-12-21 15:19:09 +0300"
    },
    "done": false
  },
  "farmersdelight:recipes/farmersdelight/flint_knife": {
    "criteria": {
      "has_stick": "2022-12-21 15:23:12 +0300"
    },
    "done": true
  },
  "xercamod:recipes/terracotta_tile/brown_terratile_slab": {
    "criteria": {
      "config": "2022-12-21 15:19:09 +0300"
    },
    "done": false
  },
  "xercamod:recipes/food/item_raw_patty": {
    "criteria": {
      "config": "2022-12-21 15:19:09 +0300"
    },
    "done": false
  },
  "xercamod:recipes/tea/item_ice_tea": {
    "criteria": {
      "config": "2022-12-21 15:19:09 +0300"
    },
    "done": false
  },
  "xercamod:recipes/food/raw_pizza_mushroom": {
    "criteria": {
      "config": "2022-12-21 15:19:09 +0300"
    },
    "done": false
  },
  "xercamod:recipes/food/smelting_pizza_chicken": {
    "criteria": {
      "config": "2022-12-21 15:19:09 +0300"
    },
    "done": false
  },
  "xercamod:recipes/food/smoking_cooked_rice": {
    "criteria": {
      "config": "2022-12-21 15:19:09 +0300"
    },
    "done": false
  },
  "xercamod:recipes/food/item_raw_chicken_patty": {
    "criteria": {
      "config": "2022-12-21 15:19:09 +0300"
    },
    "done": false
  },
  "xercamod:recipes/food/raw_pizza_fish_fish": {
    "criteria": {
      "config": "2022-12-21 15:19:09 +0300"
    },
    "done": false
  },
  "xercamod:recipes/cushion/pink_cushion": {
    "criteria": {
      "config": "2022-12-21 15:19:09 +0300"
    },
    "done": false
  },
  "xercamod:recipes/leather_straw/item_block_leather": {
    "criteria": {
      "config": "2022-12-21 15:19:09 +0300"
    },
    "done": false
  },
  "xercamod:recipes/food/raw_pizza_meat_mushroom_mushroom": {
    "criteria": {
      "config": "2022-12-21 15:19:09 +0300"
    },
    "done": false
  },
  "xercamod:recipes/food/smoking_pizza_meat_mushroom": {
    "criteria": {
      "config": "2022-12-21 15:19:09 +0300"
    },
    "done": false
  },
  "minecraft:recipes/redstone/oak_door": {
    "criteria": {
      "has_planks": "2022-12-21 15:23:02 +0300"
    },
    "done": true
  },
  "farmersdelight:recipes/farmersdelight/diamond_knife": {
    "criteria": {
      "has_diamond": "2022-12-21 15:22:57 +0300"
    },
    "done": true
  },
  "xercamod:recipes/tea/item_teapot": {
    "criteria": {
      "config": "2022-12-21 15:19:09 +0300"
    },
    "done": false
  },
  "xercamod:recipes/food/cola": {
    "criteria": {
      "config": "2022-12-21 15:19:09 +0300"
    },
    "done": false
  },
  "xercamod:recipes/food/campfire_cooking_pizza_chicken_meat_meat": {
    "criteria": {
      "config": "2022-12-21 15:19:09 +0300"
    },
    "done": false
  },
  "xercamod:recipes/food/smoking_pizza_chicken_meat": {
    "criteria": {
      "config": "2022-12-21 15:19:09 +0300"
    },
    "done": false
  },
  "xercamod:recipes/food/campfire_cooking_item_cooked_sausage": {
    "criteria": {
      "config": "2022-12-21 15:19:09 +0300"
    },
    "done": false
  },
  "xercamod:recipes/food/smoking_pizza_pepperoni_pepperoni": {
    "criteria": {
      "config": "2022-12-21 15:19:09 +0300"
    },
    "done": false
  },
  "xercamod:recipes/food/item_ultimate_bottom": {
    "criteria": {
      "config": "2022-12-21 15:19:09 +0300"
    },
    "done": false
  },
  "xercamod:recipes/food/riceball": {
    "criteria": {
      "config": "2022-12-21 15:19:09 +0300"
    },
    "done": false
  },
  "xercamod:recipes/food/item_donut": {
    "criteria": {
      "config": "2022-12-21 15:19:09 +0300"
    },
    "done": false
  },
  "xercamod:recipes/food/smelting_pizza_fish_mushroom": {
    "criteria": {
      "config": "2022-12-21 15:19:09 +0300"
    },
    "done": false
  },
  "xercamod:recipes/food/campfire_cooking_pizza_chicken_fish_mushroom": {
    "criteria": {
      "config": "2022-12-21 15:19:09 +0300"
    },
    "done": false
  },
  "xercamod:recipes/food/smelting_pizza_chicken_chicken_chicken": {
    "criteria": {
      "config": "2022-12-21 15:19:09 +0300"
    },
    "done": false
  },
  "xercamod:recipes/food/item_cocoa_cupcake": {
    "criteria": {
      "config": "2022-12-21 15:19:09 +0300"
    },
    "done": false
  },
  "xercamod:recipes/food/item_honeyberry_yoghurt": {
    "criteria": {
      "config": "2022-12-21 15:19:09 +0300"
    },
    "done": false
  },
  "xercamod:recipes/food/smelting_pizza_fish_meat_meat": {
    "criteria": {
      "config": "2022-12-21 15:19:09 +0300"
    },
    "done": false
  },
  "xercamod:recipes/food/raw_pizza": {
    "criteria": {
      "config": "2022-12-21 15:19:09 +0300"
    },
    "done": false
  },
  "xercamod:recipes/terracotta_tile/green_terratile_stairs": {
    "criteria": {
      "config": "2022-12-21 15:19:09 +0300"
    },
    "done": false
  },
  "xercamod:recipes/food/cheese_toast": {
    "criteria": {
      "config": "2022-12-21 15:19:09 +0300"
    },
    "done": false
  },
  "xercamod:recipes/food/smelting_pizza_fish_fish_pepperoni": {
    "criteria": {
      "config": "2022-12-21 15:19:09 +0300"
    },
    "done": false
  },
  "xercamod:recipes/food/campfire_cooking_pizza_mushroom_mushroom_pepperoni": {
    "criteria": {
      "config": "2022-12-21 15:19:09 +0300"
    },
    "done": false
  },
  "xercamod:recipes/terracotta_tile/terratile_slab": {
    "criteria": {
      "config": "2022-12-21 15:19:09 +0300"
    },
    "done": false
  },
  "xercamod:recipes/cushion/brown_cushion": {
    "criteria": {
      "config": "2022-12-21 15:19:09 +0300"
    },
    "done": false
  },
  "xercamod:recipes/food/campfire_cooking_pizza_pepperoni_pepperoni": {
    "criteria": {
      "config": "2022-12-21 15:19:09 +0300"
    },
    "done": false
  },
  "xercamod:recipes/food/smelting_cooked_rice": {
    "criteria": {
      "config": "2022-12-21 15:19:09 +0300"
    },
    "done": false
  },
  "xercamod:recipes/terracotta_tile/red_terratile_slab": {
    "criteria": {
      "config": "2022-12-21 15:19:09 +0300"
    },
    "done": false
  },
  "divinerpg:overworld/root": {
    "criteria": {
      "divinerpg": "2022-12-21 15:19:10 +0300"
    },
    "done": true
  },
  "xercamod:recipes/food/smelting_pizza_chicken_fish": {
    "criteria": {
      "config": "2022-12-21 15:19:09 +0300"
    },
    "done": false
  },
  "xercamod:recipes/coins/item_golden_coin_5": {
    "criteria": {
      "config": "2022-12-21 15:19:09 +0300"
    },
    "done": false
  },
  "minecraft:recipes/combat/diamond_boots": {
    "criteria": {
      "has_diamond": "2022-12-21 15:22:57 +0300"
    },
    "done": true
  },
  "xercamod:recipes/coins/item_golden_coin_1": {
    "criteria": {
      "config": "2022-12-21 15:19:09 +0300"
    },
    "done": false
  },
  "xercamod:recipes/food/campfire_cooking_pizza_fish_meat": {
    "criteria": {
      "config": "2022-12-21 15:19:09 +0300"
    },
    "done": false
  },
  "xercamod:recipes/food/raw_pizza_chicken_fish_meat": {
    "criteria": {
      "config": "2022-12-21 15:19:09 +0300"
    },
    "done": false
  },
  "minecraft:recipes/decorations/soul_campfire": {
    "criteria": {
      "has_stick": "2022-12-21 15:23:12 +0300"
    },
    "done": true
  },
  "xercamod:recipes/food/sweet_berry_pie": {
    "criteria": {
      "config": "2022-12-21 15:19:09 +0300"
    },
    "done": false
  },
  "xercamod:recipes/terracotta_tile/black_terratile": {
    "criteria": {
      "config": "2022-12-21 15:19:09 +0300"
    },
    "done": false
  },
  "xercamod:recipes/food/item_chubby_doner": {
    "criteria": {
      "config": "2022-12-21 15:19:09 +0300"
    },
    "done": false
  },
  "xercamod:recipes/terracotta_tile/brown_terratile_stairs": {
    "criteria": {
      "config": "2022-12-21 15:19:09 +0300"
    },
    "done": false
  },
  "xercamod:recipes/terracotta_tile/terratile_stairs": {
    "criteria": {
      "config": "2022-12-21 15:19:09 +0300"
    },
    "done": false
  },
  "xercamod:recipes/food/smoking_pizza_chicken_meat_mushroom": {
    "criteria": {
      "config": "2022-12-21 15:19:09 +0300"
    },
    "done": false
  },
  "xercamod:recipes/food/campfire_cooking_pizza_chicken": {
    "criteria": {
      "config": "2022-12-21 15:19:09 +0300"
    },
    "done": false
  },
  "xercamod:recipes/food/raw_pizza_fish_fish_mushroom": {
    "criteria": {
      "config": "2022-12-21 15:19:09 +0300"
    },
    "done": false
  },
  "xercamod:recipes/food/smoking_pizza_meat_pepperoni": {
    "criteria": {
      "config": "2022-12-21 15:19:09 +0300"
    },
    "done": false
  },
  "xercamod:recipes/food/raw_pizza_mushroom_mushroom_pepperoni": {
    "criteria": {
      "config": "2022-12-21 15:19:09 +0300"
    },
    "done": false
  },
  "xercamod:recipes/food/raw_pizza_fish_meat_meat": {
    "criteria": {
      "config": "2022-12-21 15:19:09 +0300"
    },
    "done": false
  },
  "DataVersion": 3120
}