{
  "occupations": [
    {
      "exp": 0.0,
      "lvl": 1,
      "slot": "ACTIVE",
      "prof": "professions:enchanting"
    },
    {
      "exp": 0.0,
      "lvl": 1,
      "slot": "ACTIVE",
      "prof": "professions:trading"
    },
    {
      "exp": 0.0,
      "lvl": 1,
      "slot": "ACTIVE",
      "prof": "professions:hunting"
    },
    {
      "exp": 0.0,
      "lvl": 1,
      "slot": "ACTIVE",
      "prof": "professions:fishing"
    },
    {
      "exp": 0.0,
      "lvl": 1,
      "slot": "ACTIVE",
      "prof": "professions:crafting"
    },
    {
      "exp": 0.0,
      "lvl": 1,
      "slot": "ACTIVE",
      "prof": "professions:farming"
    },
    {
      "exp": 0.0,
      "lvl": 1,
      "slot": "ACTIVE",
      "prof": "professions:logging"
    },
    {
      "exp": 0.0,
      "lvl": 1,
      "slot": "ACTIVE",
      "prof": "professions:mining"
    },
    {
      "exp": 0.0,
      "lvl": 1,
      "slot": "ACTIVE",
      "prof": "professions:alchemy"
    },
    {
      "exp": 0.0,
      "lvl": 1,
      "slot": "ACTIVE",
      "prof": "professions:building"
    },
    {
      "exp": 0.0,
      "lvl": 1,
      "slot": "ACTIVE",
      "prof": "professions:smithing"
    }
  ]
}