{"stats":{"minecraft:custom":{"minecraft:jump":31,"minecraft:open_chest":1,"minecraft:time_since_rest":3315,"minecraft:play_one_minute":3315,"minecraft:leave_game":1,"minecraft:walk_on_water_one_cm":556,"minecraft:sprint_one_cm":4794,"minecraft:damage_taken":80,"minecraft:time_since_death":3315,"minecraft:walk_one_cm":21451,"minecraft:walk_under_water_one_cm":240,"minecraft:swim_one_cm":4481,"minecraft:talked_to_villager":1,"minecraft:fly_one_cm":341,"minecraft:fall_one_cm":1378},"minecraft:picked_up":{"ars_nouveau:worn_notebook":1}},"DataVersion":2586}