{"stats":{"minecraft:used":{"minecraft:chest":1,"uncraftingtable76:uncraftingtable":1},"minecraft:custom":{"minecraft:jump":2,"minecraft:open_chest":6,"minecraft:time_since_rest":6631,"minecraft:crouch_one_cm":347,"minecraft:leave_game":1,"minecraft:sprint_one_cm":1199,"minecraft:play_time":6631,"minecraft:time_since_death":6631,"minecraft:walk_one_cm":9858,"minecraft:sneak_time":69,"minecraft:total_world_time":7662,"minecraft:interact_with_crafting_table":1,"minecraft:fly_one_cm":3603}},"DataVersion":3120}